title,link,comments,author
"Hello, It appears that this post is a progress picture...",https://www.reddit.com/r/pics/comments/9mg2y8/hello_it_appears_that_this_post_is_a_progress/,194 comments,u/n_reineke
We passed 20 million subscribers!,https://www.reddit.com/r/pics/comments/a4ithw/we_passed_20_million_subscribers/,32 comments,u/siouxsie_siouxv2
McDonald's worker with Down Syndrome retires after 32 years,https://www.reddit.com/r/pics/comments/a7as8i/mcdonalds_worker_with_down_syndrome_retires_after/,1.5k comments,u/Sumit316
Taken at Royal University of Phnom Penh,https://www.reddit.com/r/pics/comments/a78f0g/taken_at_royal_university_of_phnom_penh/,288 comments,u/b2utynthebeast
,https://www.reddit.com/r/pics/,comment,u/signsofdiscourse
Miserable husbands trapped while wife shops,https://www.reddit.com/r/pics/comments/a76myf/miserable_husbands_trapped_while_wife_shops/,1.4k comments,u/BasX
Face swapped kitty and Husky,https://www.reddit.com/r/pics/comments/a75yrs/face_swapped_kitty_and_husky/,341 comments,u/anislitim
Anne Hathaway for Elle UK 2010.,https://www.reddit.com/r/pics/comments/a76q7r/anne_hathaway_for_elle_uk_2010/,245 comments,u/jabaswim
What Was Inside the Glowing Briefcase in Pulp Fiction,https://www.reddit.com/r/pics/comments/a75coa/what_was_inside_the_glowing_briefcase_in_pulp/,412 comments,u/westondeboer
The cup I soak my paint brushes in broke and the inside sort of looks like a landscape painting at dusk.,https://www.reddit.com/r/pics/comments/a74gsj/the_cup_i_soak_my_paint_brushes_in_broke_and_the/,306 comments,u/hoikarnage
Data has a message for Picard and the rest of us.,https://www.reddit.com/r/pics/comments/a79zn8/data_has_a_message_for_picard_and_the_rest_of_us/,21 comments,u/Polymathyx
Death Star thrift store painting,https://www.reddit.com/r/pics/comments/a742t5/death_star_thrift_store_painting/,88 comments,u/Protonpakr
,https://www.reddit.com/r/pics/,1 comment,u/OFFICIAL_CNSHOPLY
Kurt Russell and Goldie Hawn's Christmas card,https://www.reddit.com/r/pics/comments/a72r3s/kurt_russell_and_goldie_hawns_christmas_card/,1.2k comments,u/Khaleeasi24
This kookaburra is a real life version of that optical illusion that is both a bird and a bunny!,https://www.reddit.com/r/pics/comments/a760r3/this_kookaburra_is_a_real_life_version_of_that/,55 comments,u/lukeallen1
Co-worker was gifted a Die Hard ornament,https://www.reddit.com/r/pics/comments/a73f47/coworker_was_gifted_a_die_hard_ornament/,103 comments,u/aallyss
Wonderful,https://www.reddit.com/r/pics/comments/a72h0c/wonderful/,92 comments,u/othmanefafan
"My husband and I met while working for a company that hires globally. Our coworkers flew to India for the wedding from the US, the Netherlands, Israel, Australia, the Philippines, Sri Lanka, and more!",https://www.reddit.com/r/pics/comments/a73gs3/my_husband_and_i_met_while_working_for_a_company/,196 comments,u/kabornman
The evolution of a tornado.,https://www.reddit.com/r/pics/comments/a726v8/the_evolution_of_a_tornado/,86 comments,u/Boojibs
"Royal Canadian Lance-Corporal, bandages burnt leg of a French boy, Normandy",https://www.reddit.com/r/pics/comments/a763y1/royal_canadian_lancecorporal_bandages_burnt_leg/,28 comments,u/eaglemaxie
,https://www.reddit.com/r/pics/,comment,u/jfreer22
An Armadillo Girdled Lizard,https://www.reddit.com/r/pics/comments/a717zx/an_armadillo_girdled_lizard/,326 comments,u/Sumit316
Custom cat forest,https://www.reddit.com/r/pics/comments/a7am65/custom_cat_forest/,13 comments,u/Proteon
"Dublin, Ireland.",https://www.reddit.com/r/pics/comments/a71ht5/dublin_ireland/,274 comments,u/Cosmicreature
"Woman cutting her birthday cake in Tehran, Iran 1973",https://www.reddit.com/r/pics/comments/a74vyy/woman_cutting_her_birthday_cake_in_tehran_iran/,209 comments,u/WillOfTheLand
The white ghost,https://www.reddit.com/r/pics/comments/a7b127/the_white_ghost/,6 comments,u/brandonjbb
Sumatran Tiger covered in snow,https://www.reddit.com/r/pics/comments/a70rcr/sumatran_tiger_covered_in_snow/,295 comments,u/SlashFang
Stealing a flag,https://www.reddit.com/r/pics/comments/a71u9r/stealing_a_flag/,200 comments,u/WhIt3M3SiAh17
cat girl here. this is what the pic was supposed to look like.,https://www.reddit.com/r/pics/comments/a70dib/cat_girl_here_this_is_what_the_pic_was_supposed/,778 comments,u/uhhhhwhatt
Paradise,https://www.reddit.com/r/pics/comments/a72m97/paradise/,113 comments,u/othmanefafan
